{
    "epoch": 20.0,
    "eval_loss": 1.9845727682113647,
    "eval_runtime": 0.0372,
    "eval_samples": 10,
    "eval_samples_per_second": 268.704,
    "eval_steps_per_second": 134.352,
    "perplexity": 7.275938209236115
}